Collection Name,Collection Description,Unit Name,Collection ID,Title,Date Issued,Creators,Alternative Titles,Translated Titles,Uniform Titles,Statement Of Responsibility,Date Created,Copyright Date,Abstract,Notes,Format,Resource Types,Contributors,Publishers,Genres,Subjects,Related Item Urls,Geographic Subjects,Temporal Subjects,Topical Subjects,Bibliographic Id,Languages,Terms Of Use,Tables Of Contents,Physical Description,Other Identifiers,Comments,File Label,File Title,Instantiation Label,Instantiation Id,Instantiation Streaming URL,Instantiation Duration,Instantiation Mime Type,Instantiation Audio Bitrate,Instantiation Audio Codec,Instantiation Video Bitrate,Instantiation Video Codec,Instantiation Width,Instantiation HeightFile Location,File Checksum,File Size,File Duration,File Aspect Ratio,File Frame Size,File Format,File Date Digitized,File Caption Text,File Caption TypeFile Other Id,File Comment
Nova Ep 1,First Nova Episode,Nova,,,,,,,,,,,,,,,,,,,,,,,,,,,,,,,,,,,,,,,,,,,,,,,,,,,,
,,,,Big Explosion,2000-01-01,,,,,,,,,,,,,,,,,,,,,,,,,,,nova_ep_1.mp4,nova1,nova1,1,https://avalon.wgbh.org/hls/avalon/baby_eleanor.mp4/master.m3u8,,,,,,,,,,,,,,,,,,
,,,,Big Explosion!,2000-01-01,,,,,,,,,,,,,,,,,,,,,,,,,,,nova_ep_1_uncut.mp4,nova1,nova1,2,https://avalon.wgbh.org/hls/avalon/baby_eleanor.mp4/master.m3u8,,,,,,,,,,,,,,,,,,
Nova Ep 2,Second Nova Episode,Nova,,,,,,,,,,,,,,,,,,,,,,,,,,,,,,,,,,,,,,,,,,,,,,,,,,,,
,,,,Small Explosion,2000-01-01,,,,,,,,,,,,,,,,,,,,,,,,,,,nova_ep_2_interview_outtakes.mp4,nova2,nova2,3,https://avalon.wgbh.org/hls/avalon/baby_eleanor.mp4/master.m3u8,,,,,,,,,,,,,,,,,,
,,,,Small Explosion,2000-01-01,,,,,,,,,,,,,,,,,,,,,,,,,,,nova_ep_2_interview_outtakes.mp4,nova2,nova2,4,https://avalon.wgbh.org/hls/avalon/baby_eleanor.mp4/master.m3u8,,,,,,,,,,,,,,,,,,
Frontline 1/4/94,Frontline from some day,Frontline,,,,,,,,,,,,,,,,,,,,,,,,,,,,,,,,,,,,,,,,,,,,,,,,,,,,
,,,,Explosions of Political Strife,2000-01-01,,,,,,,,,,,,,,,,,,,,,,,,,,,frontline.mp4,frontline,frontline,5,https://avalon.wgbh.org/hls/avalon/baby_eleanor.mp4/master.m3u8,,,,,,,,,,,,,,,,,,
,,,,Explosions of Political Strife,2000-01-01,,,,,,,,,,,,,,,,,,,,,,,,,,,frontline_deleted_scenes_and_bloopers.mp4,frontline,frontline,6,https://avalon.wgbh.org/hls/avalon/baby_eleanor.mp4/master.m3u8,,,,,,,,,,,,,,,,,
